{
  "version": 1,
  "author": "Uri Shaked",
  "editor": "wokwi",
  "parts": [
    { "type": "wokwi-breadboard", "id": "bb1", "top": -252.6, "left": -218, "attrs": {} },
    { "type": "wokwi-esp32-devkit-v1", "id": "esp", "top": -34.31, "left": -40.65, "attrs": {} },
    {
      "type": "wokwi-dht22",
      "id": "dht1",
      "top": -249.3,
      "left": 330.6,
      "attrs": { "temperature": "9.4", "humidity": "49" }
    },
    { "type": "wokwi-potentiometer", "id": "pot1", "top": -202.9, "left": -201.8, "attrs": {} },
    { "type": "wokwi-slide-switch", "id": "sw1", "top": -168.4, "left": -121.7, "attrs": {} }
  ],
  "connections": [
    [ "esp:TX0", "$serialMonitor:RX", "", [] ],
    [ "esp:RX0", "$serialMonitor:TX", "", [] ],
    [ "esp:GND.1", "bb1:bn.50", "black", [ "h0" ] ],
    [ "esp:3V3", "bb1:bp.50", "red", [ "h340.6", "v-250.88" ] ],
    [ "bb1:bp.46", "dht1:VCC", "red", [ "v0" ] ],
    [ "bb1:58b.j", "esp:D15", "green", [ "v0" ] ],
    [ "bb1:bn.49", "dht1:GND", "black", [ "v0" ] ],
    [ "esp:D34", "bb1:4b.j", "orange", [ "h0" ] ],
    [ "bb1:bp.3", "bb1:5b.j", "red", [ "v0" ] ],
    [ "bb1:bn.1", "bb1:3b.j", "black", [ "v0" ] ],
    [ "bb1:bn.7", "bb1:10b.j", "black", [ "v0" ] ],
    [ "bb1:11b.j", "esp:D35", "green", [ "v107.95", "h0.33", "v77.03" ] ],
    [ "dht1:VCC", "bb1:57b.f", "", [ "$bb" ] ],
    [ "dht1:SDA", "bb1:58b.f", "", [ "$bb" ] ],
    [ "dht1:NC", "bb1:59b.f", "", [ "$bb" ] ],
    [ "dht1:GND", "bb1:60b.f", "", [ "$bb" ] ],
    [ "pot1:GND", "bb1:3b.f", "", [ "$bb" ] ],
    [ "pot1:SIG", "bb1:4b.f", "", [ "$bb" ] ],
    [ "pot1:VCC", "bb1:5b.f", "", [ "$bb" ] ],
    [ "sw1:1", "bb1:9b.f", "", [ "$bb" ] ],
    [ "sw1:2", "bb1:10b.f", "", [ "$bb" ] ],
    [ "sw1:3", "bb1:11b.f", "", [ "$bb" ] ]
  ],
  "dependencies": {}
}